----------------- insert CUSTOMERS -----------------

insert into SALES_CUSTOMER
(ID, VERSION, CREATE_TS, CREATED_BY, UPDATE_TS, UPDATED_BY, DELETE_TS, DELETED_BY, NAME, EMAIL)
values ('d8eebe12-1aa5-c187-b2d3-911a3aff9268', 1, '2017-12-19 11:31:24', 'admin', '2017-12-19 11:31:24', null, null, null, 'Parker Leighton', 'leighton@mail.com');

insert into SALES_CUSTOMER
(ID, VERSION, CREATE_TS, CREATED_BY, UPDATE_TS, UPDATED_BY, DELETE_TS, DELETED_BY, NAME, EMAIL)
values ('7efdaa07-0844-749c-6b43-a1b3a8b2b803', 1, '2017-12-19 11:32:10', 'admin', '2017-12-19 11:32:10', null, null, null, 'Shelby Robinson', 'robinson@mail.com');

insert into SALES_CUSTOMER
(ID, VERSION, CREATE_TS, CREATED_BY, UPDATE_TS, UPDATED_BY, DELETE_TS, DELETED_BY, NAME, EMAIL)
values ('a09983f6-540c-5d49-a4cf-d2343b6ee44b', 1, '2017-12-19 11:32:24', 'admin', '2017-12-19 11:32:24', null, null, null, 'Sidney Chandler', 'chandler@mail.com');

insert into SALES_CUSTOMER
(ID, VERSION, CREATE_TS, CREATED_BY, UPDATE_TS, UPDATED_BY, DELETE_TS, DELETED_BY, NAME, EMAIL)
values ('5effc3b8-9445-2b86-cc30-92aabc7c3a6a', 1, '2017-12-19 11:32:47', 'admin', '2017-12-19 11:32:47', null, null, null, 'Hildred Ellis', 'ellis@mail.com');

insert into SALES_PRODUCT
(ID, VERSION, CREATE_TS, CREATED_BY, UPDATE_TS, UPDATED_BY, DELETE_TS, DELETED_BY, NAME, PRICE)
values ('401f2128-8359-1cf3-6b8f-83ff2ee000f0', 3, '2017-12-19 11:38:33', 'admin', '2017-12-19 11:39:28', 'admin', null, null, 'Outback Power Nano-Carbon Battery 12V', 6.25);

----------------- insert PRODUCTS -----------------

insert into SALES_PRODUCT
(ID, VERSION, CREATE_TS, CREATED_BY, UPDATE_TS, UPDATED_BY, DELETE_TS, DELETED_BY, NAME, PRICE)
values ('67f64099-67f6-4099-4b6b-eac64b6beac6', 3, '2017-12-19 11:38:33', 'admin', '2017-12-19 11:39:28', 'admin', null, null, 'Outback Power Nano-Carbon Battery 12V', 6.25);

insert into SALES_PRODUCT
(ID, VERSION, CREATE_TS, CREATED_BY, UPDATE_TS, UPDATED_BY, DELETE_TS, DELETED_BY, NAME, PRICE)
values ('e62906e5-1f1a-1bf1-9a57-c798293e86d7', 1, '2017-12-19 11:39:22', 'admin', '2017-12-19 11:39:22', null, null, null, 'Fullriver Sealed Battery 6V', 5.10);

insert into SALES_PRODUCT
(ID, VERSION, CREATE_TS, CREATED_BY, UPDATE_TS, UPDATED_BY, DELETE_TS, DELETED_BY, NAME, PRICE)
values ('1d2272b5-a702-e3d4-6d2c-7cd360f93182', 1, '2017-12-19 11:40:06', 'admin', '2017-12-19 11:40:06', null, null, null, 'Solar-One HUP Flooded Battery 48V', 210.55);

insert into SALES_PRODUCT
(ID, VERSION, CREATE_TS, CREATED_BY, UPDATE_TS, UPDATED_BY, DELETE_TS, DELETED_BY, NAME, PRICE)
values ('e4283740-960a-1180-783d-3ffe2cf6af90', 1, '2017-12-19 11:40:54', 'admin', '2017-12-19 11:40:54', null, null, null, 'Four Star Solar Crown Battery Bank', 29.25);

insert into SALES_PRODUCT
(ID, VERSION, CREATE_TS, CREATED_BY, UPDATE_TS, UPDATED_BY, DELETE_TS, DELETED_BY, NAME, PRICE)
values ('008f9335-c3a4-8e3b-cb59-a2e6b1e6b283', 1, '2017-12-19 11:41:26', 'admin', '2017-12-19 11:41:26', null, null, null, 'Cotek Battery Charger', 30.10);

insert into SALES_PRODUCT
(ID, VERSION, CREATE_TS, CREATED_BY, UPDATE_TS, UPDATED_BY, DELETE_TS, DELETED_BY, NAME, PRICE)
values ('e8f27ecf-4024-aa12-9362-7a11f150e65a', 2, '2017-12-19 11:42:00', 'admin', '2017-12-19 11:42:06', 'admin', null, null, 'Outback Power Remote Power System', 49.99);

insert into SALES_PRODUCT
(ID, VERSION, CREATE_TS, CREATED_BY, UPDATE_TS, UPDATED_BY, DELETE_TS, DELETED_BY, NAME, PRICE)
values ('6a6522f0-6a0b-fc38-5d58-5cad19e53826', 1, '2017-12-19 11:42:43', 'admin', '2017-12-19 11:42:43', null, null, null, 'Fronius Symo Lite Inverter', 42.90);

insert into SALES_PRODUCT
(ID, VERSION, CREATE_TS, CREATED_BY, UPDATE_TS, UPDATED_BY, DELETE_TS, DELETED_BY, NAME, PRICE)
values ('345e429f-6d74-7d1a-d1ab-9f6c67c10fe5', 1, '2017-12-19 11:43:20', 'admin', '2017-12-19 11:43:20', null, null, null, 'Astronergy Solar Panel', 23.00);

insert into SALES_PRODUCT
(ID, VERSION, CREATE_TS, CREATED_BY, UPDATE_TS, UPDATED_BY, DELETE_TS, DELETED_BY, NAME, PRICE)
values ('e0887c63-06e7-abd2-425d-9235124bae3d', 1, '2017-12-19 11:43:48', 'admin', '2017-12-19 11:43:48', null, null, null, 'SunPower Flexible Solar Panel', 25.00);

----------------- insert ORDERS -----------------

insert into SALES_ORDER
(ID, VERSION, CREATE_TS, CREATED_BY, UPDATE_TS, UPDATED_BY, DELETE_TS, DELETED_BY, DATE_, AMOUNT, CUSTOMER_ID)
values ('607d4ddd-607d-4ddd-596e-0968596e0968', 2, '2017-12-19 11:50:33', 'admin', '2017-12-19 11:59:34', 'admin', null, null, '2017-12-06', 85.20, '5effc3b8-9445-2b86-cc30-92aabc7c3a6a');

insert into SALES_ORDER_LINE
(ID, VERSION, CREATE_TS, CREATED_BY, UPDATE_TS, UPDATED_BY, DELETE_TS, DELETED_BY, ORDER_ID, PRODUCT_ID, QUANTITY)
values ('2b5774f5-bf30-8db0-1b98-ec638130c240', 1, '2017-12-19 11:59:34', 'admin', '2017-12-19 11:59:34', null, null, null, '607d4ddd-607d-4ddd-596e-0968596e0968', 'e62906e5-1f1a-1bf1-9a57-c798293e86d7', 2.000);

insert into SALES_ORDER_LINE
(ID, VERSION, CREATE_TS, CREATED_BY, UPDATE_TS, UPDATED_BY, DELETE_TS, DELETED_BY, ORDER_ID, PRODUCT_ID, QUANTITY)
values ('3e312486-8fff-7ce6-9f21-8cca69c405be', 1, '2017-12-19 11:59:34', 'admin', '2017-12-19 11:59:34', null, null, null, '607d4ddd-607d-4ddd-596e-0968596e0968', 'e0887c63-06e7-abd2-425d-9235124bae3d', 3.000);

insert into SALES_ORDER
(ID, VERSION, CREATE_TS, CREATED_BY, UPDATE_TS, UPDATED_BY, DELETE_TS, DELETED_BY, DATE_, AMOUNT, CUSTOMER_ID)
values ('6fa8452e-6fa8-452e-89cd-936e89cd936e', 2, '2017-12-19 11:48:22', 'admin', '2017-12-19 12:01:15', 'admin', null, null, '2017-12-05', 240.65, '5effc3b8-9445-2b86-cc30-92aabc7c3a6a');

insert into SALES_ORDER_LINE
(ID, VERSION, CREATE_TS, CREATED_BY, UPDATE_TS, UPDATED_BY, DELETE_TS, DELETED_BY, ORDER_ID, PRODUCT_ID, QUANTITY)
values ('61d06bbb-1e8d-d973-21f3-d42902238548', 1, '2017-12-19 12:01:15', 'admin', '2017-12-19 12:01:15', null, null, null, '6fa8452e-6fa8-452e-89cd-936e89cd936e', '008f9335-c3a4-8e3b-cb59-a2e6b1e6b283', 1.000);

insert into SALES_ORDER_LINE
(ID, VERSION, CREATE_TS, CREATED_BY, UPDATE_TS, UPDATED_BY, DELETE_TS, DELETED_BY, ORDER_ID, PRODUCT_ID, QUANTITY)
values ('5b07767e-d7ac-e89e-bfb2-04cacf19003c', 1, '2017-12-19 12:01:15', 'admin', '2017-12-19 12:01:15', null, null, null, '6fa8452e-6fa8-452e-89cd-936e89cd936e', '1d2272b5-a702-e3d4-6d2c-7cd360f93182', 1.000);

insert into SALES_ORDER
(ID, VERSION, CREATE_TS, CREATED_BY, UPDATE_TS, UPDATED_BY, DELETE_TS, DELETED_BY, DATE_, AMOUNT, CUSTOMER_ID)
values ('70734fa9-7073-4fa9-5f9a-87a85f9a87a8', 2, '2017-12-19 11:49:19', 'admin', '2017-12-19 12:02:25', 'admin', null, null, '2017-11-13', 138.90, 'a09983f6-540c-5d49-a4cf-d2343b6ee44b');

insert into SALES_ORDER_LINE
(ID, VERSION, CREATE_TS, CREATED_BY, UPDATE_TS, UPDATED_BY, DELETE_TS, DELETED_BY, ORDER_ID, PRODUCT_ID, QUANTITY)
values ('94ece137-de73-2527-4118-ccd6a5075688', 1, '2017-12-19 12:02:25', 'admin', '2017-12-19 12:02:25', null, null, null, '70734fa9-7073-4fa9-5f9a-87a85f9a87a8', '6a6522f0-6a0b-fc38-5d58-5cad19e53826', 1.000);

insert into SALES_ORDER_LINE
(ID, VERSION, CREATE_TS, CREATED_BY, UPDATE_TS, UPDATED_BY, DELETE_TS, DELETED_BY, ORDER_ID, PRODUCT_ID, QUANTITY)
values ('171f2d81-3b98-9f89-ef1d-19fa1a99f57b', 1, '2017-12-19 12:02:25', 'admin', '2017-12-19 12:02:25', null, null, null, '70734fa9-7073-4fa9-5f9a-87a85f9a87a8', '345e429f-6d74-7d1a-d1ab-9f6c67c10fe5', 2.000);

insert into SALES_ORDER_LINE
(ID, VERSION, CREATE_TS, CREATED_BY, UPDATE_TS, UPDATED_BY, DELETE_TS, DELETED_BY, ORDER_ID, PRODUCT_ID, QUANTITY)
values ('62b315c4-0140-cfea-0aa2-ef0d1b1ea3f6', 1, '2017-12-19 12:02:25', 'admin', '2017-12-19 12:02:25', null, null, null, '70734fa9-7073-4fa9-5f9a-87a85f9a87a8', 'e0887c63-06e7-abd2-425d-9235124bae3d', 2.000);

insert into SALES_ORDER
(ID, VERSION, CREATE_TS, CREATED_BY, UPDATE_TS, UPDATED_BY, DELETE_TS, DELETED_BY, DATE_, AMOUNT, CUSTOMER_ID)
values ('87fe4332-87fe-4332-870c-5875870c5875', 2, '2017-12-19 11:50:49', 'admin', '2017-12-19 12:03:17', 'admin', null, null, '2017-12-13', 49.99, 'a09983f6-540c-5d49-a4cf-d2343b6ee44b');

insert into SALES_ORDER_LINE
(ID, VERSION, CREATE_TS, CREATED_BY, UPDATE_TS, UPDATED_BY, DELETE_TS, DELETED_BY, ORDER_ID, PRODUCT_ID, QUANTITY)
values ('9a8064af-6bdd-58e9-6672-f4a1a7a79480', 1, '2017-12-19 12:03:17', 'admin', '2017-12-19 12:03:17', null, null, null, '87fe4332-87fe-4332-870c-5875870c5875', 'e8f27ecf-4024-aa12-9362-7a11f150e65a', 1.000);

insert into SALES_ORDER
(ID, VERSION, CREATE_TS, CREATED_BY, UPDATE_TS, UPDATED_BY, DELETE_TS, DELETED_BY, DATE_, AMOUNT, CUSTOMER_ID)
values ('a64649a9-a646-49a9-8f15-cf798f15cf79', 2, '2017-12-19 11:49:58', 'admin', '2017-12-19 12:04:07', 'admin', null, null, '2017-10-18', 55.10, 'd8eebe12-1aa5-c187-b2d3-911a3aff9268');

insert into SALES_ORDER_LINE
(ID, VERSION, CREATE_TS, CREATED_BY, UPDATE_TS, UPDATED_BY, DELETE_TS, DELETED_BY, ORDER_ID, PRODUCT_ID, QUANTITY)
values ('46198251-cac1-a9c6-4a56-5fb12b370750', 1, '2017-12-19 12:04:07', 'admin', '2017-12-19 12:04:07', null, null, null, 'a64649a9-a646-49a9-8f15-cf798f15cf79', '008f9335-c3a4-8e3b-cb59-a2e6b1e6b283', 1.000);

insert into SALES_ORDER_LINE
(ID, VERSION, CREATE_TS, CREATED_BY, UPDATE_TS, UPDATED_BY, DELETE_TS, DELETED_BY, ORDER_ID, PRODUCT_ID, QUANTITY)
values ('1e7c1682-53d8-7d11-8aad-2d4fe475ba74', 1, '2017-12-19 12:04:07', 'admin', '2017-12-19 12:04:07', null, null, null, 'a64649a9-a646-49a9-8f15-cf798f15cf79', '401f2128-8359-1cf3-6b8f-83ff2ee000f0', 4.000);

insert into SALES_ORDER
(ID, VERSION, CREATE_TS, CREATED_BY, UPDATE_TS, UPDATED_BY, DELETE_TS, DELETED_BY, DATE_, AMOUNT, CUSTOMER_ID)
values ('ec864774-ec86-4774-d935-2ce5d9352ce5', 2, '2017-12-19 11:50:17', 'admin', '2017-12-19 12:05:01', 'admin', null, null, '2017-10-25', 51.00, '5effc3b8-9445-2b86-cc30-92aabc7c3a6a');

insert into SALES_ORDER_LINE
(ID, VERSION, CREATE_TS, CREATED_BY, UPDATE_TS, UPDATED_BY, DELETE_TS, DELETED_BY, ORDER_ID, PRODUCT_ID, QUANTITY)
values ('67a662ae-3b1b-5b3d-d434-e459bd0f983b', 1, '2017-12-19 12:05:01', 'admin', '2017-12-19 12:05:01', null, null, null, 'ec864774-ec86-4774-d935-2ce5d9352ce5', 'e62906e5-1f1a-1bf1-9a57-c798293e86d7', 10.000);

insert into SALES_ORDER
(ID, VERSION, CREATE_TS, CREATED_BY, UPDATE_TS, UPDATED_BY, DELETE_TS, DELETED_BY, DATE_, AMOUNT, CUSTOMER_ID)
values ('f12a4193-f12a-4193-c83d-2a46c83d2a46', 2, '2017-12-19 11:48:42', 'admin', '2017-12-19 12:05:40', 'admin', null, null, '2017-12-22', 283.55, '7efdaa07-0844-749c-6b43-a1b3a8b2b803');

insert into SALES_ORDER_LINE
(ID, VERSION, CREATE_TS, CREATED_BY, UPDATE_TS, UPDATED_BY, DELETE_TS, DELETED_BY, ORDER_ID, PRODUCT_ID, QUANTITY)
values ('4ec120de-1ced-ad44-5817-fec5e632e3cd', 1, '2017-12-19 12:05:40', 'admin', '2017-12-19 12:05:40', null, null, null, 'f12a4193-f12a-4193-c83d-2a46c83d2a46', '008f9335-c3a4-8e3b-cb59-a2e6b1e6b283', 1.000);

insert into SALES_ORDER_LINE
(ID, VERSION, CREATE_TS, CREATED_BY, UPDATE_TS, UPDATED_BY, DELETE_TS, DELETED_BY, ORDER_ID, PRODUCT_ID, QUANTITY)
values ('3b42a5d5-e624-2aba-9709-3af659d46b3a', 1, '2017-12-19 12:05:40', 'admin', '2017-12-19 12:05:40', null, null, null, 'f12a4193-f12a-4193-c83d-2a46c83d2a46', '6a6522f0-6a0b-fc38-5d58-5cad19e53826', 1.000);

insert into SALES_ORDER_LINE
(ID, VERSION, CREATE_TS, CREATED_BY, UPDATE_TS, UPDATED_BY, DELETE_TS, DELETED_BY, ORDER_ID, PRODUCT_ID, QUANTITY)
values ('4179ea59-a927-5754-c7b2-17a02f9f4df7', 1, '2017-12-19 12:05:40', 'admin', '2017-12-19 12:05:40', null, null, null, 'f12a4193-f12a-4193-c83d-2a46c83d2a46', '1d2272b5-a702-e3d4-6d2c-7cd360f93182', 1.000);
